algo,priority,makespan,duration_sec
parallel,shortest,28,0.00026988983154296875
parallel,longest,27,0.00020623207092285156
parallel,most_successors,28,0.0002758502960205078
parallel,important,28,0.0001819133758544922
series,shortest,37,8.58306884765625e-05
series,longest,37,8.869171142578125e-05
series,most_successors,37,0.00014781951904296875
series,important,37,8.177757263183594e-05
