algo,priority,makespan,duration_sec
parallel,shortest,24,0.00010061264038085938
parallel,longest,21,6.318092346191406e-05
parallel,most_successors,20,9.012222290039062e-05
parallel,important,23,5.5789947509765625e-05
series,shortest,37,5.555152893066406e-05
series,longest,37,5.3882598876953125e-05
series,most_successors,37,9.751319885253906e-05
series,important,37,4.2438507080078125e-05
