algo,priority,makespan,duration_sec
parallel,shortest,12,3.910064697265625e-05
parallel,longest,12,2.4318695068359375e-05
parallel,most_successors,12,2.384185791015625e-05
parallel,important,12,1.6927719116210938e-05
series,shortest,17,1.8835067749023438e-05
series,longest,17,1.7881393432617188e-05
series,most_successors,17,3.123283386230469e-05
series,important,17,1.2636184692382812e-05
